Название,Цена,Ссылка
Люстра Ливсден Brown,19 940руб.,https://www.divan.ru/ekaterinburg/product/lyustra-livsden-brown
Подвесной светильник Ливсден Brown,4190руб.,https://www.divan.ru/ekaterinburg/product/podvesnoj-svetilnik-livsden-brown
Настольная лампа Ливсден Brown,7340руб.,https://www.divan.ru/ekaterinburg/product/nastolnaya-lampa-livsden-brown
Торшер Ливсден Brown,12 590руб.,https://www.divan.ru/ekaterinburg/product/torsher-livsden-brown
Бра Флиммер Black,1780руб.,https://www.divan.ru/ekaterinburg/product/bra-flimmer-black
Люстра Флиммер Black,8390руб.,https://www.divan.ru/ekaterinburg/product/lyustra-flimmer-black
Подвесной светильник Флиммер Black,1990руб.,https://www.divan.ru/ekaterinburg/product/podvesnoj-svetilnik-flimmer-black
Настольная лампа Флиммер Black,3140руб.,https://www.divan.ru/ekaterinburg/product/nastolnaya-lampa-flimmer-black
Торшер Флиммер Black,5240руб.,https://www.divan.ru/ekaterinburg/product/torsher-flimmer-black
Торшер Нидлс Khaki,15 740руб.,https://www.divan.ru/ekaterinburg/product/torsher-nidls-khaki
Настольная лампа Нидлс Raffia Beige,3880руб.,https://www.divan.ru/ekaterinburg/product/nastolnaya-lampa-nidls-raffia-beige
Люстра Гейза Black,10 490руб.,https://www.divan.ru/ekaterinburg/product/lyustra-gejza-black
Настольная лампа Гейза Black,4190руб.,https://www.divan.ru/ekaterinburg/product/nastolnaya-lampa-gejza-black
Настольная лампа Гейза Pink,4190руб.,https://www.divan.ru/ekaterinburg/product/nastolnaya-lampa-gejza-pink
Настольная лампа Гейза Blue,4190руб.,https://www.divan.ru/ekaterinburg/product/nastolnaya-lampa-gejza-blue
Настольная лампа Гейза Orange,4190руб.,https://www.divan.ru/ekaterinburg/product/nastolnaya-lampa-gejza-orange
Настольная лампа Алней Black,4190руб.,https://www.divan.ru/ekaterinburg/product/nastolnaya-lampa-alnej-black
Настольная лампа Алней Beige,4190руб.,https://www.divan.ru/ekaterinburg/product/nastolnaya-lampa-alnej-beige
Настольная лампа Алней Green,4190руб.,https://www.divan.ru/ekaterinburg/product/nastolnaya-lampa-alnej-green
Настольная лампа Алней Orange,3770руб.,https://www.divan.ru/ekaterinburg/product/nastolnaya-lampa-alnej-orange
Торшер Алней Green,8390руб.,https://www.divan.ru/ekaterinburg/product/torsher-alnej-green
Торшер Алней Black,8390руб.,https://www.divan.ru/ekaterinburg/product/torsher-alnej-black
Торшер Алней Orange,8390руб.,https://www.divan.ru/ekaterinburg/product/torsher-alnej-orange
Торшер Алней Beige,8390руб.,https://www.divan.ru/ekaterinburg/product/torsher-alnej-beige
Настольная лампа Арбет Orange,2510руб.,https://www.divan.ru/ekaterinburg/product/nastolnaya-lampa-arbet-orange
Настольная лампа Арбет Silver,3560руб.,https://www.divan.ru/ekaterinburg/product/nastolnaya-lampa-arbet-silver
Настольная лампа Арбет Beige,2510руб.,https://www.divan.ru/ekaterinburg/product/nastolnaya-lampa-arbet-beige
Настольная лампа Арбет White,2510руб.,https://www.divan.ru/ekaterinburg/product/nastolnaya-lampa-arbet-white
Настольная лампа Арбет Black,2090руб.,https://www.divan.ru/ekaterinburg/product/nastolnaya-lampa-arbet-black
Настольная лампа Синдри Grey,4610руб.,https://www.divan.ru/ekaterinburg/product/nastolnaya-lampa-sindri-grey
Люстра Синдри Black,14 690руб.,https://www.divan.ru/ekaterinburg/product/lyustra-sindri-black
Настольная лампа Манэт White,2090руб.,https://www.divan.ru/ekaterinburg/product/nastolnaya-lampa-manet-white
Настольная лампа Леррет Beige,4190руб.,https://www.divan.ru/ekaterinburg/product/nastolnaya-lampa-lerret-beige
Настольная лампа Леррет White,2410руб.,https://www.divan.ru/ekaterinburg/product/nastolnaya-lampa-lerret-white
Настольная лампа Истад Black,1780руб.,https://www.divan.ru/ekaterinburg/product/nastolnaya-lampa-istad-black
Настольная лампа Истад White,1780руб.,https://www.divan.ru/ekaterinburg/product/nastolnaya-lampa-istad-white
Люстра Боллар White,24 140руб.,https://www.divan.ru/ekaterinburg/product/lyustra-bollar-white
Настольная лампа Рибе Black,1990руб.,https://www.divan.ru/ekaterinburg/product/nastolnaya-lampa-ribe-black
Настольная лампа Рибе Orange,1990руб.,https://www.divan.ru/ekaterinburg/product/nastolnaya-lampa-ribe-orange
Настольная лампа Снибальд White,830руб.,https://www.divan.ru/ekaterinburg/product/nastolnaya-lampa-snibald-white
Настольная лампа Спайк Pink,1460руб.,https://www.divan.ru/ekaterinburg/product/nastolnaya-lampa-spajk-pink
Настольная лампа Спайк White,1460руб.,https://www.divan.ru/ekaterinburg/product/nastolnaya-lampa-spajk-white
Настольная лампа Астри Black,1360руб.,https://www.divan.ru/ekaterinburg/product/nastolnaya-lampa-astri-black
Настольная лампа Астри Beige,1460руб.,https://www.divan.ru/ekaterinburg/product/nastolnaya-lampa-astri-beige
Подвесной светильник Клауд White,11 540руб.,https://www.divan.ru/ekaterinburg/product/podvesnoj-svetilnik-klaud-white
Торшер Клауд White,19 210руб.,https://www.divan.ru/ekaterinburg/product/torsher-klaud-white
Настольная лампа Клауд White,16 790руб.,https://www.divan.ru/ekaterinburg/product/nastolnaya-lampa-klaud-white
Настольная лампа Машрум Olive,4190руб.,https://www.divan.ru/ekaterinburg/product/nastolnaya-lampa-mashrum-olive
